{
  "24h": {
    "Ridge": {
      "test_R2": -0.03169001912931191,
      "test_RMSE": 57.2092087479556,
      "test_MAE": 30.76669126087966,
      "test_Acc20": 44.7585394581861,
      "test_Acc10": 20.965842167255595,
      "train_R2": 0.1855269472051132,
      "cv_R2": -0.12708154773632574
    },
    "Gradient Boosting": {
      "test_R2": -0.20312727056902014,
      "test_RMSE": 61.77988734145665,
      "test_MAE": 34.466510654455554,
      "test_Acc20": 44.28739693757361,
      "test_Acc10": 24.73498233215548,
      "train_R2": 0.883094326853393,
      "cv_R2": -5.442353225573151
    },
    "Random Forest": {
      "test_R2": -0.0896178622194117,
      "test_RMSE": 58.793380727815,
      "test_MAE": 32.25815603076939,
      "test_Acc20": 46.4075382803298,
      "test_Acc10": 25.677267373380445,
      "train_R2": 0.6293650216804505,
      "cv_R2": -2.0056126146957487
    },
    "XGBoost": {
      "test_R2": -0.15647064030070368,
      "test_RMSE": 60.57014766588246,
      "test_MAE": 33.4610726544096,
      "test_Acc20": 46.52532391048292,
      "test_Acc10": 24.617196702002357,
      "train_R2": 0.5632768773253468,
      "cv_R2": -1.1466064619038383
    },
    "LightGBM": {
      "test_R2": -0.051616528106128046,
      "test_RMSE": 57.75904823439703,
      "test_MAE": 32.11286480805346,
      "test_Acc20": 45.34746760895171,
      "test_Acc10": 23.557126030624264,
      "train_R2": 0.4768369403969873,
      "cv_R2": -0.48014867945749856
    }
  },
  "48h": {
    "Ridge": {
      "test_R2": -0.016640717894634394,
      "test_RMSE": 59.992726682175636,
      "test_MAE": 30.448737974918824,
      "test_Acc20": 48.99882214369847,
      "test_Acc10": 25.4416961130742,
      "train_R2": 0.13276887497279077,
      "cv_R2": -0.5671275041002396
    },
    "Gradient Boosting": {
      "test_R2": -0.22615272406735776,
      "test_RMSE": 65.88508869300705,
      "test_MAE": 36.051929124034515,
      "test_Acc20": 44.051825677267374,
      "test_Acc10": 24.97055359246172,
      "train_R2": 0.8794002062953752,
      "cv_R2": -4.936160161420639
    },
    "Random Forest": {
      "test_R2": -0.2511433033234971,
      "test_RMSE": 66.55311374228887,
      "test_MAE": 39.11947307149413,
      "test_Acc20": 36.86690223792697,
      "test_Acc10": 20.141342756183743,
      "train_R2": 0.6846076717542631,
      "cv_R2": -1.8162242346603692
    },
    "XGBoost": {
      "test_R2": -0.06518034190693589,
      "test_RMSE": 61.40820780123881,
      "test_MAE": 32.30016787453731,
      "test_Acc20": 45.46525323910483,
      "test_Acc10": 24.852767962308597,
      "train_R2": 0.6279369215985158,
      "cv_R2": -0.749315641024519
    },
    "LightGBM": {
      "test_R2": -0.05863977998746783,
      "test_RMSE": 61.21938407480281,
      "test_MAE": 32.175952668687124,
      "test_Acc20": 45.111896348645466,
      "test_Acc10": 24.73498233215548,
      "train_R2": 0.5167901746667979,
      "cv_R2": -0.4395592723320331
    }
  },
  "72h": {
    "Ridge": {
      "test_R2": -0.008158343810996227,
      "test_RMSE": 58.16325068379044,
      "test_MAE": 29.40958812092734,
      "test_Acc20": 48.52767962308599,
      "test_Acc10": 27.444051825677267,
      "train_R2": 0.12124218395851949,
      "cv_R2": -1.2070245514208073
    },
    "Gradient Boosting": {
      "test_R2": -0.43629940599606365,
      "test_RMSE": 69.42354506091273,
      "test_MAE": 39.43815952783075,
      "test_Acc20": 46.054181389870436,
      "test_Acc10": 22.37926972909305,
      "train_R2": 0.8822666074765054,
      "cv_R2": -8.079283697051979
    },
    "Random Forest": {
      "test_R2": -0.5019771187369322,
      "test_RMSE": 70.99306961484518,
      "test_MAE": 42.07837151335832,
      "test_Acc20": 41.342756183745585,
      "test_Acc10": 18.84570082449941,
      "train_R2": 0.6659228743982752,
      "cv_R2": -10.000294259239977
    },
    "XGBoost": {
      "test_R2": -0.1763203199041805,
      "test_RMSE": 62.8271118813407,
      "test_MAE": 34.72965662836046,
      "test_Acc20": 47.46760895170789,
      "test_Acc10": 23.08598351001178,
      "train_R2": 0.5965874932938662,
      "cv_R2": -2.7593648074414623
    },
    "LightGBM": {
      "test_R2": -0.025278427436880024,
      "test_RMSE": 58.65502256420093,
      "test_MAE": 31.485657595006774,
      "test_Acc20": 47.820965842167254,
      "test_Acc10": 19.905771495877502,
      "train_R2": 0.5162471675872715,
      "cv_R2": -1.308986640548559
    }
  }
}