{
  "24h": {
    "Ridge": {
      "test_R2": 0.0033257191687331433,
      "test_RMSE": 59.29421767768951,
      "test_MAE": 29.75261073274283,
      "test_MAPE": 26.208223606908586,
      "test_Acc20": 50.117370892018776,
      "test_Acc10": 22.065727699530516,
      "test_Acc5": 11.971830985915492,
      "train_R2": 0.17279448660335295,
      "cv_R2": -0.13056260062440772,
      "best_params_str": "{'alpha': 10.0}"
    },
    "Lasso": {
      "test_R2": 0.015483955683336603,
      "test_RMSE": 58.93144860691283,
      "test_MAE": 29.53787345853257,
      "test_MAPE": 26.183344736307056,
      "test_Acc20": 48.708920187793424,
      "test_Acc10": 22.065727699530516,
      "test_Acc5": 10.211267605633804,
      "train_R2": 0.16059450835309297,
      "cv_R2": -0.007270172062330771,
      "best_params_str": "{'alpha': 1.0}"
    },
    "Random Forest": {
      "test_R2": -0.0716164562799193,
      "test_RMSE": 61.483050185399925,
      "test_MAE": 32.69926685938759,
      "test_MAPE": 29.242206643633708,
      "test_Acc20": 47.30046948356807,
      "test_Acc10": 21.47887323943662,
      "test_Acc5": 10.211267605633804,
      "train_R2": 0.7030082306815701,
      "cv_R2": -0.7871356863888636,
      "best_params_str": "{'n_estimators': 50, 'min_samples_split': 10, 'max_depth': None}"
    },
    "Gradient Boosting": {
      "test_R2": 0.01677119047317044,
      "test_RMSE": 58.89291016793925,
      "test_MAE": 29.11319273337382,
      "test_MAPE": 24.87033573437556,
      "test_Acc20": 51.525821596244135,
      "test_Acc10": 26.995305164319248,
      "test_Acc5": 13.615023474178404,
      "train_R2": 0.3844939236910846,
      "cv_R2": -0.8200587221350807,
      "best_params_str": "{'n_estimators': 50, 'max_depth': 3, 'learning_rate': 0.1}"
    },
    "XGBoost": {
      "test_R2": 0.008245463400201825,
      "test_RMSE": 59.14769374955766,
      "test_MAE": 29.38438899080518,
      "test_MAPE": 25.47718408924261,
      "test_Acc20": 51.056338028169016,
      "test_Acc10": 25.46948356807512,
      "test_Acc5": 13.145539906103288,
      "train_R2": 0.2731657470164095,
      "cv_R2": -0.2843555514646584,
      "best_params_str": "{'subsample': 0.8, 'n_estimators': 50, 'max_depth': 3, 'learning_rate': 0.05}"
    },
    "LightGBM": {
      "test_R2": 0.00754917840164937,
      "test_RMSE": 59.16845313324664,
      "test_MAE": 29.22891100391436,
      "test_MAPE": 25.18543676290299,
      "test_Acc20": 50.93896713615024,
      "test_Acc10": 26.408450704225352,
      "test_Acc5": 13.497652582159624,
      "train_R2": 0.2476825967013664,
      "cv_R2": -0.07322004358695855,
      "best_params_str": "{'num_leaves': 31, 'n_estimators': 50, 'max_depth': 3, 'learning_rate': 0.05}"
    }
  },
  "48h": {
    "Ridge": {
      "test_R2": 0.009777611644462114,
      "test_RMSE": 57.458278840993884,
      "test_MAE": 29.40472805216036,
      "test_MAPE": 28.13433426449831,
      "test_Acc20": 46.71361502347418,
      "test_Acc10": 24.88262910798122,
      "test_Acc5": 13.732394366197184,
      "train_R2": 0.11545437438750783,
      "cv_R2": -0.9845866124184729,
      "best_params_str": "{'alpha': 10.0}"
    },
    "Lasso": {
      "test_R2": 0.02907109148849707,
      "test_RMSE": 56.89576720019142,
      "test_MAE": 28.92890548203783,
      "test_MAPE": 27.668451474509155,
      "test_Acc20": 44.835680751173705,
      "test_Acc10": 23.239436619718308,
      "test_Acc5": 13.145539906103288,
      "train_R2": 0.10006541098791155,
      "cv_R2": -0.08052714096161195,
      "best_params_str": "{'alpha': 1.0}"
    },
    "Random Forest": {
      "test_R2": -0.06851101783735092,
      "test_RMSE": 59.68644936745306,
      "test_MAE": 31.82291176253924,
      "test_MAPE": 30.396043260037363,
      "test_Acc20": 44.95305164319249,
      "test_Acc10": 24.295774647887324,
      "test_Acc5": 13.96713615023474,
      "train_R2": 0.6246831502192147,
      "cv_R2": -0.6782528786214145,
      "best_params_str": "{'n_estimators': 100, 'min_samples_split': 10, 'max_depth': 10}"
    },
    "Gradient Boosting": {
      "test_R2": 0.000997980711794133,
      "test_RMSE": 57.71243853087717,
      "test_MAE": 28.514104029562386,
      "test_MAPE": 26.060572156925808,
      "test_Acc20": 48.59154929577465,
      "test_Acc10": 26.643192488262912,
      "test_Acc5": 13.497652582159624,
      "train_R2": 0.2633126553889158,
      "cv_R2": -0.13501103182673757,
      "best_params_str": "{'n_estimators': 50, 'max_depth': 3, 'learning_rate': 0.05}"
    },
    "XGBoost": {
      "test_R2": 0.028503197017767712,
      "test_RMSE": 56.912403880832386,
      "test_MAE": 27.521978127564623,
      "test_MAPE": 24.695110356839987,
      "test_Acc20": 49.647887323943664,
      "test_Acc10": 27.699530516431924,
      "test_Acc5": 15.375586854460094,
      "train_R2": 0.2398405746470622,
      "cv_R2": -0.11539024699405032,
      "best_params_str": "{'subsample': 0.8, 'n_estimators': 50, 'max_depth': 3, 'learning_rate': 0.05}"
    },
    "LightGBM": {
      "test_R2": 0.02718745382313892,
      "test_RMSE": 56.95093039524944,
      "test_MAE": 28.01251886036512,
      "test_MAPE": 25.563638505620652,
      "test_Acc20": 46.478873239436616,
      "test_Acc10": 28.169014084507044,
      "test_Acc5": 13.615023474178404,
      "train_R2": 0.2148740744994977,
      "cv_R2": -0.05990126406286722,
      "best_params_str": "{'num_leaves': 31, 'n_estimators': 50, 'max_depth': 3, 'learning_rate': 0.05}"
    }
  },
  "72h": {
    "Ridge": {
      "test_R2": 0.025284786692113093,
      "test_RMSE": 55.20355538058311,
      "test_MAE": 28.357568572980213,
      "test_MAPE": 27.245612093912847,
      "test_Acc20": 45.42253521126761,
      "test_Acc10": 25.234741784037556,
      "test_Acc5": 12.793427230046946,
      "train_R2": 0.09655560121064288,
      "cv_R2": -2.146863623917369,
      "best_params_str": "{'alpha': 10.0}"
    },
    "Lasso": {
      "test_R2": 0.03595270726466404,
      "test_RMSE": 54.900632351958386,
      "test_MAE": 28.333651417575695,
      "test_MAPE": 27.686212919155086,
      "test_Acc20": 45.305164319248824,
      "test_Acc10": 25.11737089201878,
      "test_Acc5": 11.384976525821596,
      "train_R2": 0.07915600331329464,
      "cv_R2": -0.3686764163662194,
      "best_params_str": "{'alpha': 1.0}"
    },
    "Random Forest": {
      "test_R2": -0.05579387823010862,
      "test_RMSE": 57.45366619372213,
      "test_MAE": 30.4545185896565,
      "test_MAPE": 29.666585654821752,
      "test_Acc20": 48.59154929577465,
      "test_Acc10": 24.76525821596244,
      "test_Acc5": 10.328638497652582,
      "train_R2": 0.6758443176715445,
      "cv_R2": -0.1928418198759062,
      "best_params_str": "{'n_estimators': 50, 'min_samples_split': 5, 'max_depth': 10}"
    },
    "Gradient Boosting": {
      "test_R2": -0.03549600653233287,
      "test_RMSE": 56.898706198101515,
      "test_MAE": 27.627888475183067,
      "test_MAPE": 25.722585992068375,
      "test_Acc20": 55.16431924882629,
      "test_Acc10": 29.107981220657276,
      "test_Acc5": 15.492957746478872,
      "train_R2": 0.28079644366436296,
      "cv_R2": -0.03926090580626129,
      "best_params_str": "{'n_estimators': 50, 'max_depth': 3, 'learning_rate': 0.05}"
    },
    "XGBoost": {
      "test_R2": 0.01746693616299222,
      "test_RMSE": 55.42449746577006,
      "test_MAE": 27.090630105963335,
      "test_MAPE": 25.311762708294527,
      "test_Acc20": 53.755868544600936,
      "test_Acc10": 28.52112676056338,
      "test_Acc5": 14.2018779342723,
      "train_R2": 0.26242130743841674,
      "cv_R2": -0.029639224696526245,
      "best_params_str": "{'subsample': 0.8, 'n_estimators': 50, 'max_depth': 3, 'learning_rate': 0.05}"
    },
    "LightGBM": {
      "test_R2": 0.0036182293178343983,
      "test_RMSE": 55.813732127698536,
      "test_MAE": 26.973055502617363,
      "test_MAPE": 24.578949604254095,
      "test_Acc20": 53.16901408450704,
      "test_Acc10": 29.460093896713612,
      "test_Acc5": 15.845070422535212,